# Derived from GeoNames (https://www.geonames.org), licensed under CC BY 4.0
# (https://creativecommons.org/licenses/by/4.0/). Generated by
# scripts/geonames/generate.py; do not edit by hand.
# input countryInfo.txt sha256 93bafc525813f22e4711ff9ed6d626343094ce48c26388dc7c49189b3d7d5512
# input timeZones.txt sha256 ea6f8bdcc259c21c562e8f7e7e0b0457cb89403bed60c76aac49ccee9a9ed18c
# input admin1CodesASCII.txt sha256 1da92a6323a5fec3176f3f743bf4cf4040fd56a876da55e46fbca23c863aa60a
# input cities15000.txt sha256 f120517390db730a3437c3ae0b6b82089d96ca893bf6810b535a65c43bd5c5cb
# input alternateNamesV2.txt sha256 45ee80abaad3eba12d4bf31bb4e96cda856d9be5f8c2d219de76a18321d75a00
# code	name	continent	population	zones	other names
AD	Andorra	EU	77006	Europe/Andorra	Principality of Andorra|Principat d’Andorra
AE	United Arab Emirates	AS	9630959	Asia/Dubai	
AF	Afghanistan	AS	37172386	Asia/Kabul	Afg'oniston|Dê Afghānistān Islāmī Jumhūriyat|Islamic Republic of Afghanistan|Owganystan
AG	Antigua and Barbuda	NA	96286	America/Antigua	
AI	Anguilla	NA	13254	America/Anguilla	
AL	Albania	EU	2866376	Europe/Tirane	Republic of Albania|Republika e Shqipërisë|Shqipëri|Shqipëria
AM	Armenia	AS	3090500	Asia/Yerevan	Hayastan|Hayastani Hanrapetut’yun|Republic of Armenia
AN	Netherlands Antilles	NA	300000		Antillas Holandesas|Nederlandse Antillen
AO	Angola	AF	30809762	Africa/Luanda	Republic of Angola|República de Angola
AQ	Antarctica	AN	0	Antarctica/Casey|Antarctica/Davis|Antarctica/DumontDUrville|Antarctica/Mawson|Antarctica/McMurdo|Antarctica/Palmer|Antarctica/Rothera|Antarctica/Syowa|Antarctica/Troll|Antarctica/Vostok	
AR	Argentina	SA	44494502	America/Argentina/Buenos_Aires|America/Argentina/Catamarca|America/Argentina/Cordoba|America/Argentina/Jujuy|America/Argentina/La_Rioja|America/Argentina/Mendoza|America/Argentina/Rio_Gallegos|America/Argentina/Salta|America/Argentina/San_Juan|America/Argentina/San_Luis|America/Argentina/Tucuman|America/Argentina/Ushuaia	Argentine|Argentine Republic|Argentinien|República Argentina
AS	American Samoa	OC	55465	Pacific/Pago_Pago	
AT	Austria	EU	8847037	Europe/Vienna	Austrija|Ausztria|Avstrija|Republic of Austria|Republik Österreich|Österreich
AU	Australia	OC	24992369	Antarctica/Macquarie|Australia/Adelaide|Australia/Brisbane|Australia/Broken_Hill|Australia/Darwin|Australia/Eucla|Australia/Hobart|Australia/Lindeman|Australia/Lord_Howe|Australia/Melbourne|Australia/Perth|Australia/Sydney	
AW	Aruba	NA	105845	America/Aruba	Country of Aruba|Land Aruba|Pais Aruba
AX	Aland Islands	EU	26711	Europe/Mariehamn	Province of Åland|Åland|Åland Islands|Ålands län
AZ	Azerbaijan	AS	10224900	Asia/Baku	Azərbaycan|Azərbaycan Respublikası|Republic of Azerbaijan
BA	Bosnia and Herzegovina	EU	3323929	Europe/Sarajevo	Bosna i Hercegovina
BB	Barbados	NA	286641	America/Barbados	
BD	Bangladesh	AS	161356039	Asia/Dhaka	Gonaoprojatontri Bangladesh
BE	Belgium	EU	11422068	Europe/Brussels	Belgien|Belgique|België|Kingdom of Belgium|Koninkrijk België|Königreich Belgien|Royaume de Belgique
BF	Burkina Faso	AF	19751535	Africa/Ouagadougou	
BG	Bulgaria	EU	7000039	Europe/Sofia	Bulgaristan|Republic of Bulgaria|Republika Bulgaria|Republika Bŭlgariya
BH	Bahrain	AS	1569439	Asia/Bahrain	Kingdom of Bahrain
BI	Burundi	AF	11175378	Africa/Bujumbura	Republic of Burundi|Republika y’u Burundi|Repuburika y’Uburundi|République du Burundi|Uburundi
BJ	Benin	AF	11485048	Africa/Porto-Novo	Bénin|Republic of Benin|République du Bénin
BL	Saint Barthelemy	NA	8450	America/St_Barthelemy	Collectivité territoriale de Saint-Barthélemy|Saint Barthélemy|Saint-Barthélemy|St. Barthélemy|Territorial collectivity of Saint-Barthélemy
BM	Bermuda	NA	63968	Atlantic/Bermuda	Bermudas
BN	Brunei	AS	428962	Asia/Brunei	Brunei Darussalam
BO	Bolivia	SA	11353142	America/La_Paz	Bolivia (Plurinational State of)|Bulibiya|Estado Plurinacional de Bolivia|Plurinational State of Bolivia|Puliwya|Republic of Bolivia|República de Bolivia|Wuliwya
BQ	Bonaire, Saint Eustatius and Saba	NA	18012	America/Kralendijk	BES-eilanden|Caribbean Netherlands|Caribisch Nederland
BR	Brazil	SA	209469333	America/Araguaina|America/Bahia|America/Belem|America/Boa_Vista|America/Campo_Grande|America/Cuiaba|America/Eirunepe|America/Fortaleza|America/Maceio|America/Manaus|America/Noronha|America/Porto_Velho|America/Recife|America/Rio_Branco|America/Santarem|America/Sao_Paulo	Brasil|Brésil|Federative Republic of Brazil|República Federativa do Brasil
BS	Bahamas	NA	385640	America/Nassau	The Bahamas
BT	Bhutan	AS	754394	Asia/Thimphu	
BV	Bouvet Island	AN	0		
BW	Botswana	AF	2254126	Africa/Gaborone	
BY	Belarus	EU	9485386	Europe/Minsk	Belarus’|Republic of Belarus|Respublika Belarus’|Respublika Byelarus’
BZ	Belize	NA	383071	America/Belize	Belice
CA	Canada	NA	37058856	America/Atikokan|America/Blanc-Sablon|America/Cambridge_Bay|America/Creston|America/Dawson|America/Dawson_Creek|America/Edmonton|America/Fort_Nelson|America/Glace_Bay|America/Goose_Bay|America/Halifax|America/Inuvik|America/Iqaluit|America/Moncton|America/Rankin_Inlet|America/Regina|America/Resolute|America/St_Johns|America/Swift_Current|America/Toronto|America/Vancouver|America/Whitehorse|America/Winnipeg	
CC	Cocos Islands	AS	628	Indian/Cocos	Cocos (Keeling) Islands|Kepulauan Cocos (Keeling)
CD	Democratic Republic of the Congo	AF	84068091	Africa/Kinshasa|Africa/Lubumbashi	Congo|Congo (DRC)|Congo-Kinshasa|DR Congo|Democratic Republic of Congo|Jamhuri ya Kidemokrasia ya Kongo|Kongo (DRC)|Kongó-Kinsásá|Repibiki demokratiki ya Kongó|Repubilika ya Kôngo ya Dimokalasi|République Démocratique du Congo
CF	Central African Republic	AF	4666377	Africa/Bangui	Centrafrique|Ködörösêse tî Bêafrîka|Repibiki ya Afríka ya Káti|Repubilika ya Afelika ya Kati|République Centrafricaine|Santrafríka
CG	Republic of the Congo	AF	5244363	Africa/Brazzaville	Congo|Congo (Brazzaville)|Congo Republic|Congo-Brazzaville|Kongo|Repubilika ya Kongo|République du Congo
CH	Switzerland	EU	8516543	Europe/Zurich	Confederazione Svizzera|Confédération Suisse|Schweiz|Schweizerische Eidgenossenschaft|Suisse|Svizra|Svizzera
CI	Ivory Coast	AF	25069229	Africa/Abidjan	Côte d'Ivoire|Côte d’Ivoire|Republic of Côte d’Ivoire|République de Côte d'Ivoire
CK	Cook Islands	OC	21388	Pacific/Rarotonga	Kuki Airani
CL	Chile	SA	18729160	America/Coyhaique|America/Punta_Arenas|America/Santiago|Pacific/Easter	Republic of Chile|República de Chile
CM	Cameroon	AF	25216237	Africa/Douala	Cameroun|Republic of Cameroon|République du Cameroun
CN	China	AS	1411778724	Asia/Shanghai|Asia/Urumqi	Cunghvaz Yinzminz Gunghozgoz|People's Republic of China|People’s Republic of China
CO	Colombia	SA	49648685	America/Bogota	Republic of Colombia|República de Colombia
CR	Costa Rica	NA	4999441	America/Costa_Rica	Republic of Costa Rica|República de Costa Rica
CS	Serbia and Montenegro	EU	10829175		Srbija i Crna Gora|State Union of Serbia and Montenegro
CU	Cuba	NA	11338138	America/Havana	Isla Juana|Republic of Cuba|República de Cuba
CV	Cabo Verde	AF	543767	Atlantic/Cape_Verde	Republic of Cabo Verde|Republic of Cape Verde|República de Cabo Verde
CW	Curacao	NA	159849	America/Curacao	Country of Curaçao|Curaçao|Kòrsou|Land Curaçao|Pais Kòrsou
CX	Christmas Island	OC	1500	Indian/Christmas	Pulau Krismas
CY	Cyprus	EU	1189265	Asia/Famagusta|Asia/Nicosia	Güney Kıbrıs Rum Kesimi|Kipriakí Dhimokratía|Kypriakí Dimokratía|Kýpros|Kıbrıs|Kıbrıs Cumhuriyeti|Republic of Cyprus
CZ	Czechia	EU	10625695	Europe/Prague	Czech Republic|Česko|Česká republika|České kraje|České územi
DE	Germany	EU	82927922	Europe/Berlin|Europe/Busingen	Bundesrepublik|Bundesrepublik Deutschland|Deutschland|Federal Republic of Germany
DJ	Djibouti	AF	958920	Africa/Djibouti	Jabuuti|Republic of Djibouti|République de Djibouti|Yabuuti
DK	Denmark	EU	5797446	Europe/Copenhagen	Danmark|Danmørk|Dänemark|Kingdom of Denmark|Kongeriget Danmark
DM	Dominica	NA	71625	America/Dominica	Commonwealth of Dominica
DO	Dominican Republic	NA	10627165	America/Santo_Domingo	Haití Español|Quisqueya|República Dominicana|República de Santo Domingo|Santo Domingo
DZ	Algeria	AF	42228429	Africa/Algiers	People’s Democratic Republic of Algeria
EC	Ecuador	SA	17084357	America/Guayaquil|Pacific/Galapagos	Republic of Ecuador|República del Ecuador
EE	Estonia	EU	1320884	Europe/Tallinn	Eesti|Eesti Vabariik|Republic of Estonia
EG	Egypt	AF	98423595	Africa/Cairo	Arab Republic of Egypt|Égypte
EH	Western Sahara	AF	273008	Africa/El_Aaiun	Moroccan Sahara
ER	Eritrea	AF	6209262	Africa/Asmara	Eretria|Hagere Iertra|Hagere Ērtra|Iertra|State of Eritrea
ES	Spain	EU	46723749	Africa/Ceuta|Atlantic/Canary|Europe/Madrid	Espainia|Espanha|Espanya|España|Estado Español|Kingdom of Spain|Regne d'Espanya|Reino de España|Spanish State
ET	Ethiopia	AF	109224559	Africa/Addis_Ababa	Federal Democratic Republic of Ethiopia|Itoobbiya|Itoobiya|Itoophiyaa|YeĪtyop’iya Fēdēralawī Dēmokrasīyawī Rīpeblīk|YeĪtyop’iya Hizbawī Dīmokrasīyawī Rīpublīk|Ītyop’iya
FI	Finland	EU	5518050	Europe/Helsinki	Republic of Finland|Republiken Finland|Suomi
FJ	Fiji	OC	883483	Pacific/Fiji	Matanitu ko Viti|Viti
FK	Falkland Islands	SA	2638	Atlantic/Stanley	Colony of the Falkland Islands|Falkland Islands (Malvinas)
FM	Micronesia	OC	112640	Pacific/Chuuk|Pacific/Kosrae|Pacific/Pohnpei	Federated States of Micronesia
FO	Faroe Islands	EU	48497	Atlantic/Faroe	Færøerne|Føroyar
FR	France	EU	66987244	Europe/Paris	Bro-C'hall|Francia|Frantzia|França|Frañs|République Française
GA	Gabon	AF	2119275	Africa/Libreville	Gabonese Republic|République Gabonaise
GB	United Kingdom	EU	66488991	Europe/London	An Rìoghachd Aonaichte|Britain|Great Britain|United Kingdom of Great Britain and Northern Ireland|Y Deyrnas Unedig
GD	Grenada	NA	111454	America/Grenada	
GE	Georgia	AS	3704500	Asia/Tbilisi	Gürcüstan|Sakartvelo
GF	French Guiana	SA	195506	America/Cayenne	Guyane|Guyane Française
GG	Guernsey	EU	65228	Europe/Guernsey	
GH	Ghana	AF	29767108	Africa/Accra	Gaana|Ghana nutome
GI	Gibraltar	EU	33718	Europe/Gibraltar	Gibilterra
GL	Greenland	NA	56025	America/Danmarkshavn|America/Nuuk|America/Scoresbysund|America/Thule	Grønland|Kalaallit Nunaat
GM	Gambia	AF	2280102	Africa/Banjul	Gammbi|Gàmbi|Republic of The Gambia|The Gambia
GN	Guinea	AF	12414318	Africa/Conakry	Guinée|Guinée-Conakry|Republic of Guinea|République de Guinée
GP	Guadeloupe	NA	443000	America/Guadeloupe	
GQ	Equatorial Guinea	AF	1308974	Africa/Malabo	Guinea Ecuatorial|Guinea Española|Guiné Equatorial|Guinée équatoriale|Posesiones Españolas del Golfo de Guinea|Provincia de la Guinea Ecuatorial|Republic of Equatorial Guinea|República de Guinea Ecuatorial|Spanish Guinea|Territorios Españoles del Golfo de Guinea
GR	Greece	EU	10727668	Europe/Athens	Ellinikí Dhimokratía|Ellinikí Dimokratía|Elláda|Ellás|Grèce|Hellenic Republic
GS	South Georgia and the South Sandwich Islands	AN	30	Atlantic/South_Georgia	South Georgia and South Sandwich Islands
GT	Guatemala	NA	17247807	America/Guatemala	Republic of Guatemala|República de Guatemala
GU	Guam	OC	165768	Pacific/Guam	Islan Guåhan
GW	Guinea-Bissau	AF	1874309	Africa/Bissau	Guiné Bissau|Guiné-Bissau|Republic of Guinea-Bissau|República da Guiné-Bissau
GY	Guyana	SA	779004	America/Guyana	
HK	Hong Kong	AS	7396076	Asia/Hong_Kong	Hong Kong S.A.R|Hong Kong Special Administrative Region
HM	Heard Island and McDonald Islands	AN	0		Heard and McDonald Islands
HN	Honduras	NA	9587522	America/Tegucigalpa	Republic of Honduras|República de Honduras
HR	Croatia	EU	3871833	Europe/Zagreb	Hrvatska|Republic of Croatia|Republika Hrvatska
HT	Haiti	NA	11123176	America/Port-au-Prince	Ayiti|Haïti|Repiblik d Ayiti|Republic of Haiti|République d’Haïti
HU	Hungary	EU	9768785	Europe/Budapest	A Magyar Köztársaság|A Magyar Népköztársaság|Magyar Köztársaság|Magyar Népköztársaság|Magyarország
ID	Indonesia	AS	267663435	Asia/Jakarta|Asia/Jayapura|Asia/Makassar|Asia/Pontianak	Indonesië|Indonésia|Republic of Indonesia|Republiek Indonesië
IE	Ireland	EU	4853506	Europe/Dublin	Poblacht na hÉireann|Republic of Ireland|Éire
IL	Israel	AS	8883800	Asia/Jerusalem	Ereẕ Yisra’el|Medinat Yisra’el|State of Israel
IM	Isle of Man	EU	84077	Europe/Isle_of_Man	Ellan Vannin|Mannin
IN	India	AS	1352617328	Asia/Kolkata	Inde
IO	British Indian Ocean Territory	AS	4000	Indian/Chagos	
IQ	Iraq	AS	38433600	Asia/Baghdad	Republic of Iraq
IR	Iran	AS	81800269	Asia/Tehran	Islamic Republic of Iran|Îran
IS	Iceland	EU	353574	Atlantic/Reykjavik	Island|Lýðveldið Ísland|Republic of Iceland|Ísland
IT	Italy	EU	60431283	Europe/Rome	Italia|Italian Republic|Italie|Italien|Italija|Itàlia|Repubblica Italiana|Republic of Italy|il Bel Paese
JE	Jersey	EU	90812	Europe/Jersey	Bailliage de Jersey
JM	Jamaica	NA	2934855	America/Jamaica	
JO	Jordan	AS	9956011	Asia/Amman	Hashemite Kingdom of Jordan
JP	Japan	AS	126529100	Asia/Tokyo	
KE	Kenya	AF	51393010	Africa/Nairobi	
KG	Kyrgyzstan	AS	6315800	Asia/Bishkek	Kyrgyz Republic|Kyrgyz Respublikasy|Kyrgyzstan Respublikasy
KH	Cambodia	AS	16249798	Asia/Phnom_Penh	Cambodge|Democratic Cambodia|Democratic Kampuchea|Kampuchea Démocratique|Khmer Republic|Kingdom of Cambodia|Royaume du Cambodge|République Khmère|République du Cambodge
KI	Kiribati	OC	115847	Pacific/Kanton|Pacific/Kiritimati|Pacific/Tarawa	
KM	Comoros	AF	832322	Indian/Comoro	Comores|Comores (Archipel)|Republic of the Comoros|République Fédérale et Islamique des Comores|République des Comores|Territoire des Comores|Union des Comores|Union of the Comoros|État Comorien
KN	Saint Kitts and Nevis	NA	52441	America/St_Kitts	St. Kitts and Nevis
KP	North Korea	AS	25549819	Asia/Pyongyang	Chosŏn-minjujuŭi-inmin-konghwaguk|Democratic People’s Republic of Korea
KR	South Korea	AS	51635256	Asia/Seoul	Republic of Korea|Taehan-min’guk
KW	Kuwait	AS	4137309	Asia/Kuwait	State of Kuwait
KY	Cayman Islands	NA	64174	America/Cayman	
KZ	Kazakhstan	AS	18276499	Asia/Almaty|Asia/Aqtau|Asia/Aqtobe|Asia/Atyrau|Asia/Oral|Asia/Qostanay|Asia/Qyzylorda	Qazaqstan|Qazaqstan Respūblīkasy|Republic of Kazakhstan
LA	Laos	AS	7061507	Asia/Vientiane	Lao People’s Democratic Republic|Sathalanalat Paxathipatai Paxaxôn Lao
LB	Lebanon	AS	6848925	Asia/Beirut	Liban|Republic of Lebanon
LC	Saint Lucia	NA	181889	America/St_Lucia	St Lucia|St. Lucia
LI	Liechtenstein	EU	37910	Europe/Vaduz	Fürstentum Liechtenstein|Principality of Liechtenstein
LK	Sri Lanka	AS	21670000	Asia/Colombo	Ilankaic Cananayaka Cocalicak Kutiyarcu|Lankāva|Prajatantravadi Samajavadi Janarajaya Sri Lanka
LR	Liberia	AF	4818977	Africa/Monrovia	
LS	Lesotho	AF	2108132	Africa/Maseru	iLesotho
LT	Lithuania	EU	2789533	Europe/Vilnius	Lietuva|Lietuvos Respublika|Litwa|Republic of Lithuania
LU	Luxembourg	EU	607728	Europe/Luxembourg	Grand Duchy of Luxembourg|Grand-Duché de Luxembourg|Groussherzogtum Lëtzebuerg|Großherzogtum Luxemburg|Luxemburg|Lëtzebuerg
LV	Latvia	EU	1926542	Europe/Riga	Latvija|Latvijas Republika|Republic of Latvia
LY	Libya	AF	6678567	Africa/Tripoli	Libia|State of Libya
MA	Morocco	AF	36029138	Africa/Casablanca	Kingdom of Morocco|Maroc|Royaume du Maroc
MC	Monaco	EU	38682	Europe/Monaco	Principality of Monaco|Principato di Monaco|Principauté de Monaco
MD	Moldova	EU	3545883	Europe/Chisinau	Moldovya|Moldovya Cumhuriyeti|Republic of Moldova|Republica Moldova
ME	Montenegro	EU	622345	Europe/Podgorica	Crna Gora|Mal i Zi|Mali i Zi|Montenegró|Republic of Montenegro|Republika Crna Gora|Socialist Republic of Montenegro
MF	Saint Martin	NA	37264	America/Marigot	Collectivité de Saint-Martin|Saint Martin (French Part)|Saint-Martin|Saint-Martin (Antilles françaises)|Saint-Martin Collectivity|St Martin|St. Martin|St. Martin (French Part)
MG	Madagascar	AF	26262368	Indian/Antananarivo	Madagasikara|Repoblikan’i Madagasikara|Republic of Madagascar|République de Madagascar
MH	Marshall Islands	OC	58413	Pacific/Kwajalein|Pacific/Majuro	
MK	North Macedonia	EU	2082958	Europe/Skopje	Kuzey Makedonya|Maqedonia e Veriut|Peoples Republic of Macedonia|Republic of North Macedonia|Republika e Maqedonisë së Veriut
ML	Mali	AF	19077690	Africa/Bamako	République du Mali
MM	Myanmar	AS	53708395	Asia/Yangon	Pyidaungzu Myanma Naingngandaw|Pyidaungzu Thammada Myanma Naingngandaw|Republic of the Union of Myanmar|Union of Burma
MN	Mongolia	AS	3170208	Asia/Hovd|Asia/Ulaanbaatar	Bügd Nayramdah Mongol Ard Uls|Mongol Peoples Republic|Mongol Uls|Mongolian People’s Republic
MO	Macao	AS	631636	Asia/Macau	Macao S.A.R|Macao Special Administrative Region of the People's Republic of China|Macau|Macau Special Administrative Region|Região Administrativa Especial de Macau|Região Administrativa Especial de Macau da República Popular da China
MP	Northern Mariana Islands	OC	56882	Pacific/Saipan	Sankattan Siha Na Islas Mariånas
MQ	Martinique	NA	432900	America/Martinique	
MR	Mauritania	AF	4403319	Africa/Nouakchott	Islamic Republic of Mauritania|Mauritanie|Mooritani
MS	Montserrat	NA	9341	America/Montserrat	
MT	Malta	EU	483530	Europe/Malta	Malta Island|Republic of Malta
MU	Mauritius	AF	1265303	Indian/Mauritius	Maurice|Republic of Mauritius|république de Maurice|Île Maurice
MV	Maldives	AS	515696	Indian/Maldives	Dhivehi Raajjeyge Jumhooriyyaa|Republic of Maldives
MW	Malawi	AF	17563749	Africa/Blantyre	Malaŵi
MX	Mexico	NA	126190788	America/Bahia_Banderas|America/Cancun|America/Chihuahua|America/Ciudad_Juarez|America/Hermosillo|America/Matamoros|America/Mazatlan|America/Merida|America/Mexico_City|America/Monterrey|America/Ojinaga|America/Tijuana	Estados Unidos Mexicanos|Mexican Republic|Méjico|México|Nueva España|República Mejicana|United Mexican States
MY	Malaysia	AS	31528585	Asia/Kuala_Lumpur|Asia/Kuching	
MZ	Mozambique	AF	29495962	Africa/Maputo	Moçambique|Republic of Mozambique|República de Moçambique
NA	Namibia	AF	2448255	Africa/Windhoek	Namibië
NC	New Caledonia	OC	284060	Pacific/Noumea	Nouvelle-Calédonie|Territoire des Nouvelle-Calédonie et Dépendances|Territory of New Caledonia and Dependencies
NE	Niger	AF	22442948	Africa/Niamey	Nijar|Republic of Niger|République du Niger
NF	Norfolk Island	OC	1828	Pacific/Norfolk	
NG	Nigeria	AF	195874740	Africa/Lagos	Naigeria|Naijiriya|Najeriya|Naịjịrịa|Nijeriya|Nijeriyaa|Nàìjíríà
NI	Nicaragua	NA	6465513	America/Managua	Republic of Nicaragua|República de Nicaragua
NL	The Netherlands	EU	17231017	Europe/Amsterdam	Holland|Nederland|Nederlân|Netherlands
NO	Norway	EU	5314336	Europe/Oslo	Kingdom of Norway|Kongeriket Noreg|Kongeriket Norge|Noreg|Norga|Norge|Norgga|Norja
NP	Nepal	AS	28087871	Asia/Kathmandu	Federal Democratic Republic of Nepal|Nepāl|Sańghīya Loktāntrik Gaṇatantra Nepāl
NR	Nauru	OC	12704	Pacific/Nauru	Naoero|Republic of Naoero
NU	Niue	OC	2166	Pacific/Niue	Niuē
NZ	New Zealand	OC	4885500	Pacific/Auckland|Pacific/Chatham	Aotearoa
OM	Oman	AS	4829483	Asia/Muscat	Sultanate of Oman
PA	Panama	NA	4176873	America/Panama	Panamá|Republic of Panama|República de Panamá
PE	Peru	SA	31989256	America/Lima	Perú|Piruw|Republic of Peru|República del Perú
PF	French Polynesia	OC	277679	Pacific/Gambier|Pacific/Marquesas|Pacific/Tahiti	Polynésie française|Territoire de la Polynésie Française
PG	Papua New Guinea	OC	8606316	Pacific/Bougainville|Pacific/Port_Moresby	Papua Niugini
PH	Philippines	AS	106651922	Asia/Manila	Filipinas|Pilipinas|Republic of the Philippines|Republika ng Pilipinas|República de Filipinas
PK	Pakistan	AS	212215030	Asia/Karachi	Islamic Republic of Pakistan|Pākistān
PL	Poland	EU	37978548	Europe/Warsaw	Polska|Republic of Poland|Rzeczpospolita Polska
PM	Saint Pierre and Miquelon	NA	7012	America/Miquelon	Collectivité Territoriale de Saint-Pierre et Miquelon|Saint-Pierre et Miquelon|Saint-Pierre-et-Miquelon|St-Pierre et Miquelon
PN	Pitcairn	OC	46	Pacific/Pitcairn	Pitcairn Islands
PR	Puerto Rico	NA	3195153	America/Puerto_Rico	Borinquen|Commonwealth of Puerto Rico|Estado Libre Asociado de Puerto Rico
PS	Palestinian Territory	AS	4569087	Asia/Gaza|Asia/Hebron	Palestine|Palestinian Territories|State of Palestine|oPT|occupied Palestinian Territory
PT	Portugal	EU	10281762	Atlantic/Azores|Atlantic/Madeira|Europe/Lisbon	Portuguese Republic|República Portuguesa
PW	Palau	OC	17907	Pacific/Palau	Belau|Beluu er a Belau
PY	Paraguay	SA	6956071	America/Asuncion	Paraguái|Republic of Paraguay|República del Paraguay|Tetã Paraguái
QA	Qatar	AS	2781677	Asia/Qatar	Catar|State of Qatar
RE	Reunion	AF	776948	Indian/Reunion	La Réunion|Réunion
RO	Romania	EU	19473936	Europe/Bucharest	Románia|România
RS	Serbia	EU	6982084	Europe/Belgrade	Srbija|Szerbia
RU	Russia	EU	144478050	Asia/Anadyr|Asia/Barnaul|Asia/Chita|Asia/Irkutsk|Asia/Kamchatka|Asia/Khandyga|Asia/Krasnoyarsk|Asia/Magadan|Asia/Novokuznetsk|Asia/Novosibirsk|Asia/Omsk|Asia/Sakhalin|Asia/Srednekolymsk|Asia/Tomsk|Asia/Ust-Nera|Asia/Vladivostok|Asia/Yakutsk|Asia/Yekaterinburg|Europe/Astrakhan|Europe/Kaliningrad|Europe/Kirov|Europe/Moscow|Europe/Samara|Europe/Saratov|Europe/Ulyanovsk|Europe/Volgograd	Russian Federation
RW	Rwanda	AF	12301939	Africa/Kigali	Republic of Rwanda|Republika y’u Rwanda|République du Rwanda|U Rwanda
SA	Saudi Arabia	AS	33699947	Asia/Riyadh	Kingdom of Saudi Arabia
SB	Solomon Islands	OC	652858	Pacific/Guadalcanal	Solomon Ailans
SC	Seychelles	AF	96762	Indian/Mahe	
SD	Sudan	AF	41801533	Africa/Khartoum	
SE	Sweden	EU	10183175	Europe/Stockholm	Kingdom of Sweden|Konungariket Sverige|Ruotsi|Ruoŧŧa|Sverige
SG	Singapore	AS	5638676	Asia/Singapore	Republic of Singapore|Republik Singapura|Singapura
SH	Saint Helena	AF	7460	Atlantic/St_Helena	St. Helena
SI	Slovenia	EU	2067372	Europe/Ljubljana	Republic of Slovenia|Republika Slovenija|Slovenija
SJ	Svalbard and Jan Mayen	EU	2550	Arctic/Longyearbyen	Svalbard og Jan Mayen
SK	Slovakia	EU	5447011	Europe/Bratislava	Slovak Republic|Slovensko|Slovenská Republika|Szlovákia
SL	Sierra Leone	AF	7650154	Africa/Freetown	
SM	San Marino	EU	33785	Europe/San_Marino	Repubblica di San Marino
SN	Senegal	AF	15854360	Africa/Dakar	Republic of Senegal|République du Sénégal|Senegaal|Sénégal
SO	Somalia	AF	15008154	Africa/Mogadishu	Aş Şūmāl|Federal Republic of Somalia|Jamhuuriyadda Federaalka Soomaaliya|Jamhuuriyadda Soomaaliyeed|Soomaaliya|The Somali Republic
SR	Suriname	SA	575991	America/Paramaribo	Republic of Suriname|Republiek Suriname
SS	South Sudan	AF	8260490	Africa/Juba	Republic of South Sudan
ST	Sao Tome and Principe	AF	197700	Africa/Sao_Tome	Democratic Republic of Sao Tome and Principe|República Democrática de São Tomé e Príncipe|São Tomé and Príncipe|São Tomé e Príncipe
SV	El Salvador	NA	6420744	America/El_Salvador	Republic of El Salvador|República de El Salvador
SX	Sint Maarten	NA	40654	America/Lower_Princes	Country of Sint Maarten|Land Sint Maarten|Sint Maarten (Dutch Part)|Sint-Maarten
SY	Syria	AS	16906283	Asia/Damascus	République arabe syrienne|Syrian Arab Republic|Syrie|Sûrî
SZ	Eswatini	AF	1136191	Africa/Mbabane	Umbuso weSwatini
TC	Turks and Caicos Islands	NA	37665	America/Grand_Turk	Turks and Caicos
TD	Chad	AF	15477751	Africa/Ndjamena	Republic of Chad|République du Tchad|Tchad
TF	French Southern Territories	AN	140	Indian/Kerguelen	Terres Australes et Antarctiques Françaises|Terres australes françaises|Terres australes françaises (les)|Territoire des Terres Australes et Antarctiques Françaises
TG	Togo	AF	7889094	Africa/Lome	République Togolaise|Togo nutome|Togolese Republic
TH	Thailand	AS	69428524	Asia/Bangkok	Kingdom of Thailand
TJ	Tajikistan	AS	9100837	Asia/Dushanbe	Jumhurii Tojikiston|Republic of Tajikistan
TK	Tokelau	OC	1466	Pacific/Fakaofo	
TL	Timor Leste	OC	1267972	Asia/Dili	Democratic Republic of Timor-Leste|República Democrática de Timor-Leste|Repúblika Demokrátika Timor Lorosa’e|Timor Lorosa’e|Timor Timur|Timor-Leste|Timór Lorosae
TM	Turkmenistan	AS	5850908	Asia/Ashgabat	Turkmaniston|Türkmenistan
TN	Tunisia	AF	11565204	Africa/Tunis	Tunisian Republic|Tunisie
TO	Tonga	OC	103197	Pacific/Tongatapu	
TR	Turkey	AS	82319724	Europe/Istanbul	Republic of Turkey|Republic of Türkiye|Tirkiye|Türkiya|Türkiye|Türkiye Cumhuriyeti|Türkiyə|Tırkiya
TT	Trinidad and Tobago	NA	1389858	America/Port_of_Spain	Trinidad et Tobago|Trinidad y Tobago|Trinité-et-Tobago
TV	Tuvalu	OC	11508	Pacific/Funafuti	
TW	Taiwan	AS	23451837	Asia/Taipei	Taiwan R.O.C.|Taiwan ROC|Thòi-vân|Tâi-oân
TZ	Tanzania	AF	56318348	Africa/Dar_es_Salaam	
UA	Ukraine	EU	40000000	Europe/Kyiv|Europe/Simferopol	Ukraina|Ukrajna|Ukrayina
UG	Uganda	AF	42723139	Africa/Kampala	Yuganda
UM	United States Minor Outlying Islands	OC	0	Pacific/Midway|Pacific/Wake	
US	United States	NA	327167434	America/Adak|America/Anchorage|America/Boise|America/Chicago|America/Denver|America/Detroit|America/Indiana/Indianapolis|America/Indiana/Knox|America/Indiana/Marengo|America/Indiana/Petersburg|America/Indiana/Tell_City|America/Indiana/Vevay|America/Indiana/Vincennes|America/Indiana/Winamac|America/Juneau|America/Kentucky/Louisville|America/Kentucky/Monticello|America/Los_Angeles|America/Menominee|America/Metlakatla|America/New_York|America/Nome|America/North_Dakota/Beulah|America/North_Dakota/Center|America/North_Dakota/New_Salem|America/Phoenix|America/Sitka|America/Yakutat|Pacific/Honolulu	Estados Unidos|United States of America|États-Unis
UY	Uruguay	SA	3449299	America/Montevideo	Oriental Republic of Uruguay|República Oriental del Uruguay
UZ	Uzbekistan	AS	32955400	Asia/Samarkand|Asia/Tashkent	Republic of Uzbekistan|Ŭzbekiston Respublikasi
VA	Vatican	EU	921	Europe/Vatican	Città del Vaticano|Colle Vaticano|Holy See|Holy See (Vatican City State)|Saint-Siège (Etat de la Cité du Vatican)|Saint-Siège (État de la Cité du Vatican)|Santa Sede (Città del Vaticano)|Stato della Città del Vaticano|Status Civitatis Vaticanæ|Vatican City|Vatican City State|Vatican City State (Holy See)|Vatican Hill|Vaticano
VC	Saint Vincent and the Grenadines	NA	110211	America/St_Vincent	Saint-Vincent-et-les-Grenadines|St Vincent and Grenadines
VE	Venezuela	SA	28870195	America/Caracas	Bolivarian Republic of Venezuela|Estados Unidos de Venezuela|Republic of Venezuela|República Bolivariana de Venezuela|República de Venezuela|United States of Venezuela
VG	British Virgin Islands	NA	29802	America/Tortola	Virgin Islands (British)
VI	U.S. Virgin Islands	NA	106977	America/St_Thomas	Virgin Islands (US)
VN	Vietnam	AS	95540395	Asia/Ho_Chi_Minh	Công Hòa Xã Hội Chủ Nghĩa Việt Nam|Socialist Republic of Vietnam|Viet Nam|Viêt Nam|Việt Nam
VU	Vanuatu	OC	292680	Pacific/Efate	Republic of Vanuatu|Ripablik blong Vanuatu|République de Vanuatu
WF	Wallis and Futuna	OC	16025	Pacific/Wallis	Territoire des Îles Wallis et Futuna|Wallis-et-Futuna
WS	Samoa	OC	196130	Pacific/Apia	Independent State of Samoa|Malo Sa’oloto Tuto’atasi o Samoa
XK	Kosovo	EU	1845300	Europe/Belgrade	Autonomna Pokrajina Kosovo i Metohija|Kosova|Kosovo i Metohija|Kosovë|Republic of Kosovo|Republika Kosova|Republika e Kosovës|Socijalistička Autonomna Pokrajina Kosovo
YE	Yemen	AS	28498687	Asia/Aden	Republic of Yemen
YT	Mayotte	AF	279471	Indian/Mayotte	
ZA	South Africa	AF	57779622	Africa/Johannesburg	Aferika Borwa|Aforika Borwa|Afrika Borwa|Afrika Dzonga|Afrika-Borwa|IRiphabliki yaseNingizimu Afrika|Repabliki ya Afrika-Borwa|Rephaboliki ya Aforika Borwa|Rephaboliki ya Afrika Borwa|Republic of South Africa|Republiek van Suid-Afrika|Riphabliki ra Afrika Dzonga|Suid-Afrika|eMzantsi Afrika|iNingizimu Afrika|iRiphabhulikhi ye Ningizimu Afrika|iRiphabhuliki yase Ningizimu Afrika|iRiphabliki yom Zantsi Afrika|umZantsi Afrika
ZM	Zambia	AF	17351822	Africa/Lusaka	Republic of Zambia
ZW	Zimbabwe	AF	16868409	Africa/Harare	
